[{"model": "admin.logentry", "pk": 1, "fields": {"action_time": "2023-12-11T13:40:40.029Z", "user": 1, "content_type": 16, "object_id": "1", "object_repr": "Country object (1)", "action_flag": 1, "change_message": "[{\"added\": {}}]"}}, {"model": "admin.logentry", "pk": 2, "fields": {"action_time": "2023-12-11T13:40:49.064Z", "user": 1, "content_type": 17, "object_id": "1", "object_repr": "City object (1)", "action_flag": 1, "change_message": "[{\"added\": {}}]"}}, {"model": "admin.logentry", "pk": 3, "fields": {"action_time": "2023-12-11T13:41:06.290Z", "user": 1, "content_type": 8, "object_id": "1", "object_repr": "Airport object (1)", "action_flag": 1, "change_message": "[{\"added\": {}}]"}}, {"model": "admin.logentry", "pk": 4, "fields": {"action_time": "2023-12-12T06:52:59.841Z", "user": 1, "content_type": 14, "object_id": "1", "object_repr": "Kharkiv Airport 1 - string (100 km)", "action_flag": 1, "change_message": "[{\"added\": {}}]"}}, {"model": "admin.logentry", "pk": 5, "fields": {"action_time": "2023-12-12T06:53:06.735Z", "user": 1, "content_type": 14, "object_id": "2", "object_repr": "string - Kharkiv Airport 1 (100 km)", "action_flag": 1, "change_message": "[{\"added\": {}}]"}}, {"model": "admin.logentry", "pk": 6, "fields": {"action_time": "2023-12-12T06:53:48.824Z", "user": 1, "content_type": 7, "object_id": "1", "object_repr": "Type 1", "action_flag": 1, "change_message": "[{\"added\": {}}]"}}, {"model": "admin.logentry", "pk": 7, "fields": {"action_time": "2023-12-12T06:53:52.684Z", "user": 1, "content_type": 7, "object_id": "2", "object_repr": "Type 2", "action_flag": 1, "change_message": "[{\"added\": {}}]"}}, {"model": "admin.logentry", "pk": 8, "fields": {"action_time": "2023-12-12T06:54:22.794Z", "user": 1, "content_type": 6, "object_id": "1", "object_repr": "Bohdan", "action_flag": 1, "change_message": "[{\"added\": {}}]"}}, {"model": "admin.logentry", "pk": 9, "fields": {"action_time": "2023-12-12T07:03:19.230Z", "user": 1, "content_type": 11, "object_id": "1", "object_repr": "Kharkiv Airport 1 - string (100 km) 2023-12-12 07:03:04+00:00", "action_flag": 1, "change_message": "[{\"added\": {}}]"}}, {"model": "admin.logentry", "pk": 10, "fields": {"action_time": "2023-12-12T07:03:27.714Z", "user": 1, "content_type": 11, "object_id": "2", "object_repr": "string - Kharkiv Airport 1 (100 km) 2023-12-12 07:03:25+00:00", "action_flag": 1, "change_message": "[{\"added\": {}}]"}}, {"model": "admin.logentry", "pk": 11, "fields": {"action_time": "2023-12-12T07:03:38.590Z", "user": 1, "content_type": 10, "object_id": "1", "object_repr": "CrewFlight object (1)", "action_flag": 1, "change_message": "[{\"added\": {}}]"}}, {"model": "admin.logentry", "pk": 12, "fields": {"action_time": "2023-12-12T07:03:43.274Z", "user": 1, "content_type": 10, "object_id": "2", "object_repr": "CrewFlight object (2)", "action_flag": 1, "change_message": "[{\"added\": {}}]"}}, {"model": "admin.logentry", "pk": 13, "fields": {"action_time": "2023-12-12T07:03:49.099Z", "user": 1, "content_type": 10, "object_id": "3", "object_repr": "CrewFlight object (3)", "action_flag": 1, "change_message": "[{\"added\": {}}]"}}, {"model": "admin.logentry", "pk": 14, "fields": {"action_time": "2023-12-12T07:04:12.129Z", "user": 1, "content_type": 12, "object_id": "1", "object_repr": "2023-12-12 07:04:12.113529+00:00", "action_flag": 1, "change_message": "[{\"added\": {}}]"}}, {"model": "admin.logentry", "pk": 15, "fields": {"action_time": "2023-12-12T07:05:22.961Z", "user": 1, "content_type": 13, "object_id": "2", "object_repr": "Kharkiv Airport 1 - string (100 km) 2023-12-12 07:03:04+00:00", "action_flag": 1, "change_message": "[{\"added\": {}}]"}}, {"model": "admin.logentry", "pk": 16, "fields": {"action_time": "2023-12-13T06:45:29.236Z", "user": 1, "content_type": 7, "object_id": "1", "object_repr": "Type 1", "action_flag": 3, "change_message": ""}}, {"model": "admin.logentry", "pk": 17, "fields": {"action_time": "2023-12-13T06:45:29.259Z", "user": 1, "content_type": 7, "object_id": "2", "object_repr": "Type 2", "action_flag": 3, "change_message": ""}}, {"model": "admin.logentry", "pk": 18, "fields": {"action_time": "2023-12-13T06:45:58.772Z", "user": 1, "content_type": 7, "object_id": "3", "object_repr": "Cargo", "action_flag": 1, "change_message": "[{\"added\": {}}]"}}, {"model": "admin.logentry", "pk": 19, "fields": {"action_time": "2023-12-13T06:46:11.899Z", "user": 1, "content_type": 7, "object_id": "4", "object_repr": "Passenger", "action_flag": 1, "change_message": "[{\"added\": {}}]"}}, {"model": "admin.logentry", "pk": 20, "fields": {"action_time": "2023-12-13T06:46:23.670Z", "user": 1, "content_type": 7, "object_id": "5", "object_repr": "Private", "action_flag": 1, "change_message": "[{\"added\": {}}]"}}, {"model": "admin.logentry", "pk": 21, "fields": {"action_time": "2023-12-13T06:46:32.976Z", "user": 1, "content_type": 9, "object_id": "3", "object_repr": "Crew3 Crew3", "action_flag": 3, "change_message": ""}}, {"model": "admin.logentry", "pk": 22, "fields": {"action_time": "2023-12-13T06:46:32.995Z", "user": 1, "content_type": 9, "object_id": "2", "object_repr": "Crew2 Crew2", "action_flag": 3, "change_message": ""}}, {"model": "admin.logentry", "pk": 23, "fields": {"action_time": "2023-12-13T06:46:33.016Z", "user": 1, "content_type": 9, "object_id": "1", "object_repr": "Crew1 Crew1", "action_flag": 3, "change_message": ""}}, {"model": "admin.logentry", "pk": 24, "fields": {"action_time": "2023-12-13T06:46:45.087Z", "user": 1, "content_type": 9, "object_id": "4", "object_repr": "John Pork", "action_flag": 1, "change_message": "[{\"added\": {}}]"}}, {"model": "admin.logentry", "pk": 25, "fields": {"action_time": "2023-12-13T06:46:51.756Z", "user": 1, "content_type": 9, "object_id": "5", "object_repr": "Jean Doe", "action_flag": 1, "change_message": "[{\"added\": {}}]"}}, {"model": "admin.logentry", "pk": 26, "fields": {"action_time": "2023-12-13T06:46:59.243Z", "user": 1, "content_type": 9, "object_id": "6", "object_repr": "Ryan Gosling", "action_flag": 1, "change_message": "[{\"added\": {}}]"}}, {"model": "admin.logentry", "pk": 27, "fields": {"action_time": "2023-12-13T06:47:08.418Z", "user": 1, "content_type": 9, "object_id": "7", "object_repr": "Arnold Twiater", "action_flag": 1, "change_message": "[{\"added\": {}}]"}}, {"model": "admin.logentry", "pk": 28, "fields": {"action_time": "2023-12-13T06:47:14.506Z", "user": 1, "content_type": 9, "object_id": "7", "object_repr": "Arnold Twiater", "action_flag": 3, "change_message": ""}}, {"model": "admin.logentry", "pk": 29, "fields": {"action_time": "2023-12-13T06:47:23.638Z", "user": 1, "content_type": 9, "object_id": "8", "object_repr": "Arnold Twister", "action_flag": 1, "change_message": "[{\"added\": {}}]"}}, {"model": "admin.logentry", "pk": 30, "fields": {"action_time": "2023-12-13T06:47:42.627Z", "user": 1, "content_type": 9, "object_id": "9", "object_repr": "Mohammad McLovin", "action_flag": 1, "change_message": "[{\"added\": {}}]"}}, {"model": "admin.logentry", "pk": 31, "fields": {"action_time": "2023-12-13T06:47:59.574Z", "user": 1, "content_type": 16, "object_id": "2", "object_repr": "Poland", "action_flag": 1, "change_message": "[{\"added\": {}}]"}}, {"model": "admin.logentry", "pk": 32, "fields": {"action_time": "2023-12-13T06:48:07.880Z", "user": 1, "content_type": 16, "object_id": "3", "object_repr": "USA", "action_flag": 1, "change_message": "[{\"added\": {}}]"}}, {"model": "admin.logentry", "pk": 33, "fields": {"action_time": "2023-12-13T06:48:24.955Z", "user": 1, "content_type": 17, "object_id": "2", "object_repr": "Texas/USA", "action_flag": 1, "change_message": "[{\"added\": {}}]"}}, {"model": "admin.logentry", "pk": 34, "fields": {"action_time": "2023-12-13T06:48:32.262Z", "user": 1, "content_type": 17, "object_id": "3", "object_repr": "Krakow/Poland", "action_flag": 1, "change_message": "[{\"added\": {}}]"}}, {"model": "admin.logentry", "pk": 35, "fields": {"action_time": "2023-12-13T06:48:42.562Z", "user": 1, "content_type": 17, "object_id": "4", "object_repr": "Los-Angeles/USA", "action_flag": 1, "change_message": "[{\"added\": {}}]"}}, {"model": "admin.logentry", "pk": 36, "fields": {"action_time": "2023-12-13T06:48:51.469Z", "user": 1, "content_type": 17, "object_id": "5", "object_repr": "Kyiv/Ukraine", "action_flag": 1, "change_message": "[{\"added\": {}}]"}}, {"model": "admin.logentry", "pk": 37, "fields": {"action_time": "2023-12-13T06:49:01.202Z", "user": 1, "content_type": 8, "object_id": "1", "object_repr": "Kharkiv/Ukraine: Kharkiv Airport 1", "action_flag": 3, "change_message": ""}}, {"model": "admin.logentry", "pk": 38, "fields": {"action_time": "2023-12-13T06:49:01.221Z", "user": 1, "content_type": 8, "object_id": "2", "object_repr": "Kharkiv/Ukraine: string", "action_flag": 3, "change_message": ""}}, {"model": "admin.logentry", "pk": 39, "fields": {"action_time": "2023-12-13T06:50:31.351Z", "user": 1, "content_type": 8, "object_id": "3", "object_repr": "Krakow/Poland: Kharkiv International Airport", "action_flag": 1, "change_message": "[{\"added\": {}}]"}}, {"model": "admin.logentry", "pk": 40, "fields": {"action_time": "2023-12-13T06:51:14.080Z", "user": 1, "content_type": 8, "object_id": "4", "object_repr": "Krakow/Poland: Kraków Airport", "action_flag": 1, "change_message": "[{\"added\": {}}]"}}, {"model": "admin.logentry", "pk": 41, "fields": {"action_time": "2023-12-13T06:51:54.051Z", "user": 1, "content_type": 8, "object_id": "5", "object_repr": "Kyiv/Ukraine: Boryspil International Airport", "action_flag": 1, "change_message": "[{\"added\": {}}]"}}, {"model": "admin.logentry", "pk": 42, "fields": {"action_time": "2023-12-13T06:52:23.456Z", "user": 1, "content_type": 8, "object_id": "6", "object_repr": "Los-Angeles/USA: Los Angeles International Airport", "action_flag": 1, "change_message": "[{\"added\": {}}]"}}, {"model": "admin.logentry", "pk": 43, "fields": {"action_time": "2023-12-13T06:53:04.658Z", "user": 1, "content_type": 8, "object_id": "7", "object_repr": "Texas/USA: Dallas Fort Worth International Airport", "action_flag": 1, "change_message": "[{\"added\": {}}]"}}, {"model": "admin.logentry", "pk": 44, "fields": {"action_time": "2023-12-13T06:55:03.313Z", "user": 1, "content_type": 6, "object_id": "2", "object_repr": "Airbus A220", "action_flag": 1, "change_message": "[{\"added\": {}}]"}}, {"model": "admin.logentry", "pk": 45, "fields": {"action_time": "2023-12-13T06:55:29.930Z", "user": 1, "content_type": 6, "object_id": "3", "object_repr": "Airbus A320", "action_flag": 1, "change_message": "[{\"added\": {}}]"}}, {"model": "admin.logentry", "pk": 46, "fields": {"action_time": "2023-12-13T06:56:14.134Z", "user": 1, "content_type": 6, "object_id": "4", "object_repr": "Airbus A330", "action_flag": 1, "change_message": "[{\"added\": {}}]"}}, {"model": "admin.logentry", "pk": 47, "fields": {"action_time": "2023-12-13T06:57:36.999Z", "user": 1, "content_type": 6, "object_id": "5", "object_repr": "Cessna CitationJets", "action_flag": 1, "change_message": "[{\"added\": {}}]"}}, {"model": "admin.logentry", "pk": 48, "fields": {"action_time": "2023-12-13T06:58:18.799Z", "user": 1, "content_type": 6, "object_id": "6", "object_repr": "Volga-Dnepr Airlines An-124", "action_flag": 1, "change_message": "[{\"added\": {}}]"}}, {"model": "admin.logentry", "pk": 49, "fields": {"action_time": "2023-12-13T06:58:42.233Z", "user": 1, "content_type": 11, "object_id": "1", "object_repr": "string - Kharkiv Airport 1 (100 km) 2023-12-02 07:03:04+00:00", "action_flag": 3, "change_message": ""}}, {"model": "admin.logentry", "pk": 50, "fields": {"action_time": "2023-12-13T06:58:42.250Z", "user": 1, "content_type": 11, "object_id": "2", "object_repr": "string - Kharkiv Airport 1 (100 km) 2023-12-12 07:03:25+00:00", "action_flag": 3, "change_message": ""}}, {"model": "admin.logentry", "pk": 51, "fields": {"action_time": "2023-12-13T06:59:03.457Z", "user": 1, "content_type": 13, "object_id": "4", "object_repr": "string - Kharkiv Airport 1 (100 km) 2023-12-02 07:03:04+00:00", "action_flag": 3, "change_message": ""}}, {"model": "admin.logentry", "pk": 52, "fields": {"action_time": "2023-12-13T06:59:03.476Z", "user": 1, "content_type": 13, "object_id": "3", "object_repr": "string - Kharkiv Airport 1 (100 km) 2023-12-02 07:03:04+00:00", "action_flag": 3, "change_message": ""}}, {"model": "admin.logentry", "pk": 53, "fields": {"action_time": "2023-12-13T06:59:03.494Z", "user": 1, "content_type": 13, "object_id": "2", "object_repr": "string - Kharkiv Airport 1 (100 km) 2023-12-02 07:03:04+00:00", "action_flag": 3, "change_message": ""}}, {"model": "admin.logentry", "pk": 54, "fields": {"action_time": "2023-12-13T06:59:08.964Z", "user": 1, "content_type": 12, "object_id": "2", "object_repr": "2023-12-12 11:05:52.453632+00:00", "action_flag": 3, "change_message": ""}}, {"model": "admin.logentry", "pk": 55, "fields": {"action_time": "2023-12-13T06:59:08.985Z", "user": 1, "content_type": 12, "object_id": "1", "object_repr": "2023-12-12 07:04:12.113529+00:00", "action_flag": 3, "change_message": ""}}, {"model": "admin.logentry", "pk": 56, "fields": {"action_time": "2023-12-13T06:59:21.261Z", "user": 1, "content_type": 14, "object_id": "2", "object_repr": "string - Kharkiv Airport 1 (100 km)", "action_flag": 3, "change_message": ""}}, {"model": "admin.logentry", "pk": 57, "fields": {"action_time": "2023-12-13T06:59:21.279Z", "user": 1, "content_type": 14, "object_id": "1", "object_repr": "Kharkiv Airport 1 - string (100 km)", "action_flag": 3, "change_message": ""}}, {"model": "admin.logentry", "pk": 58, "fields": {"action_time": "2023-12-13T06:59:28.903Z", "user": 1, "content_type": 11, "object_id": "1", "object_repr": "string - Kharkiv Airport 1 (100 km) 2023-12-02 07:03:04+00:00", "action_flag": 3, "change_message": ""}}, {"model": "admin.logentry", "pk": 59, "fields": {"action_time": "2023-12-13T06:59:28.922Z", "user": 1, "content_type": 11, "object_id": "2", "object_repr": "string - Kharkiv Airport 1 (100 km) 2023-12-12 07:03:25+00:00", "action_flag": 3, "change_message": ""}}, {"model": "admin.logentry", "pk": 60, "fields": {"action_time": "2023-12-13T06:59:37.117Z", "user": 1, "content_type": 14, "object_id": "2", "object_repr": "string - Kharkiv Airport 1 (100 km)", "action_flag": 3, "change_message": ""}}, {"model": "admin.logentry", "pk": 61, "fields": {"action_time": "2023-12-13T06:59:37.137Z", "user": 1, "content_type": 14, "object_id": "1", "object_repr": "Kharkiv Airport 1 - string (100 km)", "action_flag": 3, "change_message": ""}}, {"model": "admin.logentry", "pk": 62, "fields": {"action_time": "2023-12-13T06:59:58.421Z", "user": 1, "content_type": 14, "object_id": "3", "object_repr": "Boryspil International Airport - Dallas Fort Worth International Airport (5000 km)", "action_flag": 1, "change_message": "[{\"added\": {}}]"}}, {"model": "admin.logentry", "pk": 63, "fields": {"action_time": "2023-12-13T07:00:19.101Z", "user": 1, "content_type": 8, "object_id": "2", "object_repr": "Kharkiv/Ukraine: string", "action_flag": 3, "change_message": ""}}, {"model": "admin.logentry", "pk": 64, "fields": {"action_time": "2023-12-13T07:00:32.744Z", "user": 1, "content_type": 8, "object_id": "1", "object_repr": "Kharkiv/Ukraine: Kharkiv Airport 1", "action_flag": 3, "change_message": ""}}, {"model": "admin.logentry", "pk": 65, "fields": {"action_time": "2023-12-13T07:00:40.244Z", "user": 1, "content_type": 8, "object_id": "3", "object_repr": "Kharkiv/Ukraine: Kharkiv International Airport", "action_flag": 2, "change_message": "[{\"changed\": {\"fields\": [\"Closest big city\"]}}]"}}, {"model": "admin.logentry", "pk": 66, "fields": {"action_time": "2023-12-13T07:01:05.306Z", "user": 1, "content_type": 14, "object_id": "4", "object_repr": "Boryspil International Airport - Kraków Airport (5000 km)", "action_flag": 1, "change_message": "[{\"added\": {}}]"}}, {"model": "admin.logentry", "pk": 67, "fields": {"action_time": "2023-12-13T07:01:15.914Z", "user": 1, "content_type": 14, "object_id": "5", "object_repr": "Kharkiv International Airport - Los Angeles International Airport (5000 km)", "action_flag": 1, "change_message": "[{\"added\": {}}]"}}, {"model": "admin.logentry", "pk": 68, "fields": {"action_time": "2023-12-13T07:02:02.625Z", "user": 1, "content_type": 11, "object_id": "3", "object_repr": "Boryspil International Airport - Dallas Fort Worth International Airport (5000 km) 2023-12-22 07:00:00+00:00", "action_flag": 1, "change_message": "[{\"added\": {}}]"}}, {"model": "admin.logentry", "pk": 69, "fields": {"action_time": "2023-12-13T07:02:41.256Z", "user": 1, "content_type": 11, "object_id": "4", "object_repr": "Boryspil International Airport - Kraków Airport (5000 km) 2023-12-13 12:00:00+00:00", "action_flag": 1, "change_message": "[{\"added\": {}}]"}}, {"model": "admin.logentry", "pk": 70, "fields": {"action_time": "2023-12-13T07:03:12.599Z", "user": 1, "content_type": 11, "object_id": "5", "object_repr": "Kharkiv International Airport - Los Angeles International Airport (5000 km) 2023-12-28 12:00:00+00:00", "action_flag": 1, "change_message": "[{\"added\": {}}]"}}, {"model": "admin.logentry", "pk": 71, "fields": {"action_time": "2023-12-13T07:04:30.842Z", "user": 1, "content_type": 15, "object_id": "2", "object_repr": "user@gmail.com", "action_flag": 1, "change_message": "[{\"added\": {}}]"}}, {"model": "admin.logentry", "pk": 72, "fields": {"action_time": "2023-12-13T07:04:53.033Z", "user": 1, "content_type": 12, "object_id": "3", "object_repr": "2023-12-13 07:04:53.016733+00:00", "action_flag": 1, "change_message": "[{\"added\": {}}]"}}, {"model": "admin.logentry", "pk": 73, "fields": {"action_time": "2023-12-13T07:04:56.664Z", "user": 1, "content_type": 12, "object_id": "4", "object_repr": "2023-12-13 07:04:56.648782+00:00", "action_flag": 1, "change_message": "[{\"added\": {}}]"}}, {"model": "admin.logentry", "pk": 74, "fields": {"action_time": "2023-12-13T07:05:14.619Z", "user": 1, "content_type": 13, "object_id": "5", "object_repr": "Boryspil International Airport - Kraków Airport (5000 km) 2023-12-13 12:00:00+00:00", "action_flag": 1, "change_message": "[{\"added\": {}}]"}}, {"model": "admin.logentry", "pk": 75, "fields": {"action_time": "2023-12-13T07:05:23.004Z", "user": 1, "content_type": 13, "object_id": "6", "object_repr": "Boryspil International Airport - Kraków Airport (5000 km) 2023-12-13 12:00:00+00:00", "action_flag": 1, "change_message": "[{\"added\": {}}]"}}, {"model": "admin.logentry", "pk": 76, "fields": {"action_time": "2023-12-13T07:05:32.636Z", "user": 1, "content_type": 13, "object_id": "7", "object_repr": "Boryspil International Airport - Kraków Airport (5000 km) 2023-12-13 12:00:00+00:00", "action_flag": 1, "change_message": "[{\"added\": {}}]"}}, {"model": "admin.logentry", "pk": 77, "fields": {"action_time": "2023-12-13T07:05:44.309Z", "user": 1, "content_type": 13, "object_id": "8", "object_repr": "Kharkiv International Airport - Los Angeles International Airport (5000 km) 2023-12-28 12:00:00+00:00", "action_flag": 1, "change_message": "[{\"added\": {}}]"}}, {"model": "admin.logentry", "pk": 78, "fields": {"action_time": "2023-12-13T07:05:53.013Z", "user": 1, "content_type": 13, "object_id": "9", "object_repr": "Kharkiv International Airport - Los Angeles International Airport (5000 km) 2023-12-28 12:00:00+00:00", "action_flag": 1, "change_message": "[{\"added\": {}}]"}}, {"model": "auth.permission", "pk": 1, "fields": {"name": "Can add log entry", "content_type": 1, "codename": "add_logentry"}}, {"model": "auth.permission", "pk": 2, "fields": {"name": "Can change log entry", "content_type": 1, "codename": "change_logentry"}}, {"model": "auth.permission", "pk": 3, "fields": {"name": "Can delete log entry", "content_type": 1, "codename": "delete_logentry"}}, {"model": "auth.permission", "pk": 4, "fields": {"name": "Can view log entry", "content_type": 1, "codename": "view_logentry"}}, {"model": "auth.permission", "pk": 5, "fields": {"name": "Can add permission", "content_type": 2, "codename": "add_permission"}}, {"model": "auth.permission", "pk": 6, "fields": {"name": "Can change permission", "content_type": 2, "codename": "change_permission"}}, {"model": "auth.permission", "pk": 7, "fields": {"name": "Can delete permission", "content_type": 2, "codename": "delete_permission"}}, {"model": "auth.permission", "pk": 8, "fields": {"name": "Can view permission", "content_type": 2, "codename": "view_permission"}}, {"model": "auth.permission", "pk": 9, "fields": {"name": "Can add group", "content_type": 3, "codename": "add_group"}}, {"model": "auth.permission", "pk": 10, "fields": {"name": "Can change group", "content_type": 3, "codename": "change_group"}}, {"model": "auth.permission", "pk": 11, "fields": {"name": "Can delete group", "content_type": 3, "codename": "delete_group"}}, {"model": "auth.permission", "pk": 12, "fields": {"name": "Can view group", "content_type": 3, "codename": "view_group"}}, {"model": "auth.permission", "pk": 13, "fields": {"name": "Can add content type", "content_type": 4, "codename": "add_contenttype"}}, {"model": "auth.permission", "pk": 14, "fields": {"name": "Can change content type", "content_type": 4, "codename": "change_contenttype"}}, {"model": "auth.permission", "pk": 15, "fields": {"name": "Can delete content type", "content_type": 4, "codename": "delete_contenttype"}}, {"model": "auth.permission", "pk": 16, "fields": {"name": "Can view content type", "content_type": 4, "codename": "view_contenttype"}}, {"model": "auth.permission", "pk": 17, "fields": {"name": "Can add session", "content_type": 5, "codename": "add_session"}}, {"model": "auth.permission", "pk": 18, "fields": {"name": "Can change session", "content_type": 5, "codename": "change_session"}}, {"model": "auth.permission", "pk": 19, "fields": {"name": "Can delete session", "content_type": 5, "codename": "delete_session"}}, {"model": "auth.permission", "pk": 20, "fields": {"name": "Can view session", "content_type": 5, "codename": "view_session"}}, {"model": "auth.permission", "pk": 21, "fields": {"name": "Can add airplane", "content_type": 6, "codename": "add_airplane"}}, {"model": "auth.permission", "pk": 22, "fields": {"name": "Can change airplane", "content_type": 6, "codename": "change_airplane"}}, {"model": "auth.permission", "pk": 23, "fields": {"name": "Can delete airplane", "content_type": 6, "codename": "delete_airplane"}}, {"model": "auth.permission", "pk": 24, "fields": {"name": "Can view airplane", "content_type": 6, "codename": "view_airplane"}}, {"model": "auth.permission", "pk": 25, "fields": {"name": "Can add airplane type", "content_type": 7, "codename": "add_airplanetype"}}, {"model": "auth.permission", "pk": 26, "fields": {"name": "Can change airplane type", "content_type": 7, "codename": "change_airplanetype"}}, {"model": "auth.permission", "pk": 27, "fields": {"name": "Can delete airplane type", "content_type": 7, "codename": "delete_airplanetype"}}, {"model": "auth.permission", "pk": 28, "fields": {"name": "Can view airplane type", "content_type": 7, "codename": "view_airplanetype"}}, {"model": "auth.permission", "pk": 29, "fields": {"name": "Can add airport", "content_type": 8, "codename": "add_airport"}}, {"model": "auth.permission", "pk": 30, "fields": {"name": "Can change airport", "content_type": 8, "codename": "change_airport"}}, {"model": "auth.permission", "pk": 31, "fields": {"name": "Can delete airport", "content_type": 8, "codename": "delete_airport"}}, {"model": "auth.permission", "pk": 32, "fields": {"name": "Can view airport", "content_type": 8, "codename": "view_airport"}}, {"model": "auth.permission", "pk": 33, "fields": {"name": "Can add crew", "content_type": 9, "codename": "add_crew"}}, {"model": "auth.permission", "pk": 34, "fields": {"name": "Can change crew", "content_type": 9, "codename": "change_crew"}}, {"model": "auth.permission", "pk": 35, "fields": {"name": "Can delete crew", "content_type": 9, "codename": "delete_crew"}}, {"model": "auth.permission", "pk": 36, "fields": {"name": "Can view crew", "content_type": 9, "codename": "view_crew"}}, {"model": "auth.permission", "pk": 37, "fields": {"name": "Can add crew flight", "content_type": 10, "codename": "add_crewflight"}}, {"model": "auth.permission", "pk": 38, "fields": {"name": "Can change crew flight", "content_type": 10, "codename": "change_crewflight"}}, {"model": "auth.permission", "pk": 39, "fields": {"name": "Can delete crew flight", "content_type": 10, "codename": "delete_crewflight"}}, {"model": "auth.permission", "pk": 40, "fields": {"name": "Can view crew flight", "content_type": 10, "codename": "view_crewflight"}}, {"model": "auth.permission", "pk": 41, "fields": {"name": "Can add flight", "content_type": 11, "codename": "add_flight"}}, {"model": "auth.permission", "pk": 42, "fields": {"name": "Can change flight", "content_type": 11, "codename": "change_flight"}}, {"model": "auth.permission", "pk": 43, "fields": {"name": "Can delete flight", "content_type": 11, "codename": "delete_flight"}}, {"model": "auth.permission", "pk": 44, "fields": {"name": "Can view flight", "content_type": 11, "codename": "view_flight"}}, {"model": "auth.permission", "pk": 45, "fields": {"name": "Can add order", "content_type": 12, "codename": "add_order"}}, {"model": "auth.permission", "pk": 46, "fields": {"name": "Can change order", "content_type": 12, "codename": "change_order"}}, {"model": "auth.permission", "pk": 47, "fields": {"name": "Can delete order", "content_type": 12, "codename": "delete_order"}}, {"model": "auth.permission", "pk": 48, "fields": {"name": "Can view order", "content_type": 12, "codename": "view_order"}}, {"model": "auth.permission", "pk": 49, "fields": {"name": "Can add ticket", "content_type": 13, "codename": "add_ticket"}}, {"model": "auth.permission", "pk": 50, "fields": {"name": "Can change ticket", "content_type": 13, "codename": "change_ticket"}}, {"model": "auth.permission", "pk": 51, "fields": {"name": "Can delete ticket", "content_type": 13, "codename": "delete_ticket"}}, {"model": "auth.permission", "pk": 52, "fields": {"name": "Can view ticket", "content_type": 13, "codename": "view_ticket"}}, {"model": "auth.permission", "pk": 53, "fields": {"name": "Can add route", "content_type": 14, "codename": "add_route"}}, {"model": "auth.permission", "pk": 54, "fields": {"name": "Can change route", "content_type": 14, "codename": "change_route"}}, {"model": "auth.permission", "pk": 55, "fields": {"name": "Can delete route", "content_type": 14, "codename": "delete_route"}}, {"model": "auth.permission", "pk": 56, "fields": {"name": "Can view route", "content_type": 14, "codename": "view_route"}}, {"model": "auth.permission", "pk": 57, "fields": {"name": "Can add user", "content_type": 15, "codename": "add_user"}}, {"model": "auth.permission", "pk": 58, "fields": {"name": "Can change user", "content_type": 15, "codename": "change_user"}}, {"model": "auth.permission", "pk": 59, "fields": {"name": "Can delete user", "content_type": 15, "codename": "delete_user"}}, {"model": "auth.permission", "pk": 60, "fields": {"name": "Can view user", "content_type": 15, "codename": "view_user"}}, {"model": "auth.permission", "pk": 61, "fields": {"name": "Can add country", "content_type": 16, "codename": "add_country"}}, {"model": "auth.permission", "pk": 62, "fields": {"name": "Can change country", "content_type": 16, "codename": "change_country"}}, {"model": "auth.permission", "pk": 63, "fields": {"name": "Can delete country", "content_type": 16, "codename": "delete_country"}}, {"model": "auth.permission", "pk": 64, "fields": {"name": "Can view country", "content_type": 16, "codename": "view_country"}}, {"model": "auth.permission", "pk": 65, "fields": {"name": "Can add city", "content_type": 17, "codename": "add_city"}}, {"model": "auth.permission", "pk": 66, "fields": {"name": "Can change city", "content_type": 17, "codename": "change_city"}}, {"model": "auth.permission", "pk": 67, "fields": {"name": "Can delete city", "content_type": 17, "codename": "delete_city"}}, {"model": "auth.permission", "pk": 68, "fields": {"name": "Can view city", "content_type": 17, "codename": "view_city"}}, {"model": "contenttypes.contenttype", "pk": 1, "fields": {"app_label": "admin", "model": "logentry"}}, {"model": "contenttypes.contenttype", "pk": 2, "fields": {"app_label": "auth", "model": "permission"}}, {"model": "contenttypes.contenttype", "pk": 3, "fields": {"app_label": "auth", "model": "group"}}, {"model": "contenttypes.contenttype", "pk": 4, "fields": {"app_label": "contenttypes", "model": "contenttype"}}, {"model": "contenttypes.contenttype", "pk": 5, "fields": {"app_label": "sessions", "model": "session"}}, {"model": "contenttypes.contenttype", "pk": 6, "fields": {"app_label": "airport", "model": "airplane"}}, {"model": "contenttypes.contenttype", "pk": 7, "fields": {"app_label": "airport", "model": "airplanetype"}}, {"model": "contenttypes.contenttype", "pk": 8, "fields": {"app_label": "airport", "model": "airport"}}, {"model": "contenttypes.contenttype", "pk": 9, "fields": {"app_label": "airport", "model": "crew"}}, {"model": "contenttypes.contenttype", "pk": 10, "fields": {"app_label": "airport", "model": "crewflight"}}, {"model": "contenttypes.contenttype", "pk": 11, "fields": {"app_label": "airport", "model": "flight"}}, {"model": "contenttypes.contenttype", "pk": 12, "fields": {"app_label": "airport", "model": "order"}}, {"model": "contenttypes.contenttype", "pk": 13, "fields": {"app_label": "airport", "model": "ticket"}}, {"model": "contenttypes.contenttype", "pk": 14, "fields": {"app_label": "airport", "model": "route"}}, {"model": "contenttypes.contenttype", "pk": 15, "fields": {"app_label": "user", "model": "user"}}, {"model": "contenttypes.contenttype", "pk": 16, "fields": {"app_label": "airport", "model": "country"}}, {"model": "contenttypes.contenttype", "pk": 17, "fields": {"app_label": "airport", "model": "city"}}, {"model": "sessions.session", "pk": "n6ud6qsehgz2rbevvxbhnr5v8frq9jp9", "fields": {"session_data": ".eJxVjDsOwjAQBe_iGln-yjElPWew1tldHEC2FCdVxN1JpBTQzsx7m0iwLiWtneY0obgKLS6_LMP4onoIfEJ9NDm2usxTlkciT9vlvSG9b2f7d1Cgl31thqCs88qGaNCDVUZx1szZ6chEzufBajLskKIG1J6ZvbfgdhAiW_H5AscCN9M:1rCgU7:AdH4Zc9NANe8JRhfGLgFlf_tv8nuCmfiGGUjTUXhd5E", "expire_date": "2023-12-25T13:38:11.919Z"}}, {"model": "airport.country", "pk": 1, "fields": {"name": "Ukraine"}}, {"model": "airport.country", "pk": 2, "fields": {"name": "Poland"}}, {"model": "airport.country", "pk": 3, "fields": {"name": "USA"}}, {"model": "airport.city", "pk": 1, "fields": {"name": "Kharkiv", "country": 1}}, {"model": "airport.city", "pk": 2, "fields": {"name": "Texas", "country": 3}}, {"model": "airport.city", "pk": 3, "fields": {"name": "Krakow", "country": 2}}, {"model": "airport.city", "pk": 4, "fields": {"name": "Los-Angeles", "country": 3}}, {"model": "airport.city", "pk": 5, "fields": {"name": "Kyiv", "country": 1}}, {"model": "airport.airport", "pk": 3, "fields": {"name": "Kharkiv International Airport", "closest_big_city": 1, "image": "uploads/airports/kharkiv-international-airport-d6eb05ef-f9a3-401a-a896-7dccc7d17260.jpg"}}, {"model": "airport.airport", "pk": 4, "fields": {"name": "Kraków Airport", "closest_big_city": 3, "image": "uploads/airports/krakow-airport-2384a1f7-5f95-4878-aa4a-7c769439b9f9.jpg"}}, {"model": "airport.airport", "pk": 5, "fields": {"name": "Boryspil International Airport", "closest_big_city": 5, "image": "uploads/airports/boryspil-international-airport-6f8137c2-2e70-4a52-840f-ee4dedbfa67f.jpg"}}, {"model": "airport.airport", "pk": 6, "fields": {"name": "Los Angeles International Airport", "closest_big_city": 4, "image": "uploads/airports/los-angeles-international-airport-ebb2a39e-57f8-4d6a-8a7b-7b3d090c7ba4.jpg"}}, {"model": "airport.airport", "pk": 7, "fields": {"name": "Dallas Fort Worth International Airport", "closest_big_city": 2, "image": "uploads/airports/dallas-fort-worth-international-airport-0f85d8d5-70c0-43bd-8a7d-445ee98c68ba.gif"}}, {"model": "airport.crew", "pk": 4, "fields": {"first_name": "John", "last_name": "Pork"}}, {"model": "airport.crew", "pk": 5, "fields": {"first_name": "Jean", "last_name": "Doe"}}, {"model": "airport.crew", "pk": 6, "fields": {"first_name": "Ryan", "last_name": "Gosling"}}, {"model": "airport.crew", "pk": 8, "fields": {"first_name": "Arnold", "last_name": "Twister"}}, {"model": "airport.crew", "pk": 9, "fields": {"first_name": "Mohammad", "last_name": "McLovin"}}, {"model": "airport.airplanetype", "pk": 3, "fields": {"name": "Cargo"}}, {"model": "airport.airplanetype", "pk": 4, "fields": {"name": "Passenger"}}, {"model": "airport.airplanetype", "pk": 5, "fields": {"name": "Private"}}, {"model": "airport.order", "pk": 3, "fields": {"created_at": "2023-12-13T07:04:53.016Z", "user": 2}}, {"model": "airport.order", "pk": 4, "fields": {"created_at": "2023-12-13T07:04:56.648Z", "user": 2}}, {"model": "airport.route", "pk": 3, "fields": {"source": 5, "destination": 7, "distance": 5000}}, {"model": "airport.route", "pk": 4, "fields": {"source": 5, "destination": 4, "distance": 5000}}, {"model": "airport.route", "pk": 5, "fields": {"source": 3, "destination": 6, "distance": 5000}}, {"model": "airport.airplane", "pk": 1, "fields": {"name": "Bohdan", "rows": 10, "seats_in_row": 8, "airplane_type": null, "image": "uploads/airplanes/bohdan-9818685b-d3e8-4f4e-99bc-78080bcd9173.jpg"}}, {"model": "airport.airplane", "pk": 2, "fields": {"name": "Airbus A220", "rows": 50, "seats_in_row": 8, "airplane_type": 4, "image": "uploads/airplanes/airbus-a220-df600273-31c6-44a8-9e13-864784491f44.jpg"}}, {"model": "airport.airplane", "pk": 3, "fields": {"name": "Airbus A320", "rows": 50, "seats_in_row": 8, "airplane_type": 4, "image": "uploads/airplanes/airbus-a320-d50b2d8d-a128-4f07-a262-738177611221.jpg"}}, {"model": "airport.airplane", "pk": 4, "fields": {"name": "Airbus A330", "rows": 50, "seats_in_row": 8, "airplane_type": 4, "image": "uploads/airplanes/airbus-a330-4b1723d3-139b-4e84-8f7f-a09e9b4f21fe.jpg"}}, {"model": "airport.airplane", "pk": 5, "fields": {"name": "Cessna CitationJets", "rows": 4, "seats_in_row": 2, "airplane_type": 5, "image": "uploads/airplanes/cessna-citationjets-55bf7741-9466-4687-8ecf-b76d983da76e.jfif"}}, {"model": "airport.airplane", "pk": 6, "fields": {"name": "Volga-Dnepr Airlines An-124", "rows": 1, "seats_in_row": 2, "airplane_type": 5, "image": "uploads/airplanes/volga-dnepr-airlines-an-124-517f8462-15f7-4f8e-99f3-e68cbcfd60af.jpg"}}, {"model": "airport.flight", "pk": 3, "fields": {"route": 3, "airplane": 2, "departure_time": "2023-12-22T07:00:00Z", "arrival_time": "2023-12-23T18:00:00Z", "crews": [4, 5]}}, {"model": "airport.flight", "pk": 4, "fields": {"route": 4, "airplane": 2, "departure_time": "2023-12-13T12:00:00Z", "arrival_time": "2023-12-13T15:00:00Z", "crews": [8, 6]}}, {"model": "airport.flight", "pk": 5, "fields": {"route": 5, "airplane": 4, "departure_time": "2023-12-28T12:00:00Z", "arrival_time": "2023-12-29T18:00:00Z", "crews": [9, 5, 6]}}, {"model": "airport.ticket", "pk": 5, "fields": {"row": 5, "seat": 1, "flight": 4, "order": 4}}, {"model": "airport.ticket", "pk": 6, "fields": {"row": 5, "seat": 2, "flight": 4, "order": 4}}, {"model": "airport.ticket", "pk": 7, "fields": {"row": 5, "seat": 3, "flight": 4, "order": 4}}, {"model": "airport.ticket", "pk": 8, "fields": {"row": 3, "seat": 2, "flight": 5, "order": 3}}, {"model": "airport.ticket", "pk": 9, "fields": {"row": 3, "seat": 3, "flight": 5, "order": 3}}, {"model": "user.user", "pk": 1, "fields": {"password": "pbkdf2_sha256$390000$cQ4hzwSZ1l04GizYGSdyGF$7Q0Q5YATaHkhDBMyJwBvo6ywujw19QGJo3x6WtUvSfo=", "last_login": "2023-12-11T13:38:11.898Z", "is_superuser": true, "first_name": "", "last_name": "", "is_staff": true, "is_active": true, "date_joined": "2023-12-11T13:37:52.724Z", "email": "admin@admin.com", "groups": [], "user_permissions": []}}, {"model": "user.user", "pk": 2, "fields": {"password": "pbkdf2_sha256$390000$HGiBZpBVWFXtGHNTNKBsRB$ko29sEGELvhfxvXXRKRFMMD/ZooTr3ZtMFY9EWAyJC0=", "last_login": null, "is_superuser": false, "first_name": "", "last_name": "", "is_staff": false, "is_active": true, "date_joined": "2023-12-13T07:04:30.512Z", "email": "user@gmail.com", "groups": [], "user_permissions": []}}]